{"compiled":1744361513,"active":1,"testMode":1,"totalPlayers":100000,"groupSize":3,"numberPeriods":1,"loopStart":438340,"loopEnd":438341,"participationFee":1,"exchangeRate":0.01,"reEnter":0,"dropoutHandling":2,"sortableMatching":2,"message0":"&lt;b&gt;This HIT is currently offline. You cannot participate at this time.&lt;\/b&gt;&lt;br&gt;&lt;br&gt;\r\n&lt;p&gt;Please copy the following code. Return to the browser tab where you started the experiment and paste this CODE into the box provided to continue and receive full credit&lt;br&gt;&lt;\/p&gt;&lt;p&gt;&lt;b&gt;Completion Code: &lt;span id=&quot;copyText&quot;&gt;@D-$randomid$&lt;\/span&gt;&lt;\/b&gt;&lt;\/p&gt;\r\n    &lt;button type=&quot;button&quot; id=&quot;copyButton&quot;&gt;Click to Copy&lt;\/button&gt;\r\n\r\n    &lt;script&gt;\r\n        \/\/ Function to copy text from the button\r\n        function copyToClipboard() {\r\n            var copyText = document.getElementById(&quot;copyText&quot;);\r\n            var textArea = document.createElement(&quot;textarea&quot;);\r\n\r\n            textArea.value = copyText.textContent;\r\n            document.body.appendChild(textArea);\r\n            textArea.value = textArea.value.replace(&quot;document.write(randomid)&quot;, &quot;&quot;)\r\ntextArea.select();\r\n            document.execCommand(&quot;copy&quot;);\r\n            document.body.removeChild(textArea);\r\n\r\n            alert(&quot;Code has been copied to the clipboard: &quot; + textArea.value);\r\n        }\r\n\r\n        \/\/ Add a click event listener to the button\r\n        document.getElementById(&quot;copyButton&quot;).addEventListener(&quot;click&quot;, copyToClipboard);\r\n    &lt;\/script&gt;\r\n&lt;p&gt;&lt;br&gt;&lt;\/p&gt;&lt;p&gt;Once you have entered the code, you may safely close this tab.&lt;\/p&gt;&lt;p&gt;\r\n&lt;\/p&gt;&lt;p&gt;\r\n&lt;\/p&gt;&lt;p&gt;\r\n&lt;\/p&gt;&lt;p&gt;\r\n&lt;\/p&gt;&lt;p&gt;\r\n&lt;\/p&gt;&lt;p&gt;&lt;\/p&gt;","message1":"&lt;b&gt;According to our records, your device has already been connected to the server during this session. &lt;br&gt;\r\n                Participants are only allowed to enter a session once. Thank you for your understanding.&lt;\/b&gt;&lt;br&gt;&lt;br&gt;\r\n&lt;p&gt;Please copy the following code. Return to the browser tab where you started the experiment and paste this CODE into the box provided to continue and receive full credit&lt;br&gt;&lt;\/p&gt;&lt;p&gt;&lt;b&gt;Completion Code: &lt;span id=&quot;copyText&quot;&gt;#D-$randomid$&lt;\/span&gt;&lt;\/b&gt;&lt;\/p&gt;\r\n    &lt;button type=&quot;button&quot; id=&quot;copyButton&quot;&gt;Click to Copy&lt;\/button&gt;\r\n\r\n    &lt;script&gt;\r\n        \/\/ Function to copy text from the button\r\n        function copyToClipboard() {\r\n            var copyText = document.getElementById(&quot;copyText&quot;);\r\n            var textArea = document.createElement(&quot;textarea&quot;);\r\n\r\n            textArea.value = copyText.textContent;\r\n            document.body.appendChild(textArea);\r\n            textArea.value = textArea.value.replace(&quot;document.write(randomid)&quot;, &quot;&quot;)\r\ntextArea.select();\r\n            document.execCommand(&quot;copy&quot;);\r\n            document.body.removeChild(textArea);\r\n\r\n            alert(&quot;Code has been copied to the clipboard: &quot; + textArea.value);\r\n        }\r\n\r\n        \/\/ Add a click event listener to the button\r\n        document.getElementById(&quot;copyButton&quot;).addEventListener(&quot;click&quot;, copyToClipboard);\r\n    &lt;\/script&gt;\r\n&lt;p&gt;&lt;br&gt;&lt;\/p&gt;&lt;p&gt;Once you have entered the code, you may safely close this tab.&lt;\/p&gt;&lt;p&gt;\r\n&lt;\/p&gt;&lt;p&gt;\r\n&lt;\/p&gt;&lt;p&gt;\r\n&lt;\/p&gt;&lt;p&gt;\r\n&lt;\/p&gt;&lt;p&gt;\r\n&lt;\/p&gt;&lt;p&gt;&lt;\/p&gt;","message2":"&lt;b&gt;We have sufficient participants for this HIT. &lt;br&gt;Unfortunately, you cannot participate at this time. &lt;br&gt;&lt;br&gt;\r\n                Thank you for your understanding.&lt;\/b&gt;&lt;br&gt;&lt;br&gt;\r\n&lt;p&gt;Please copy the following code. Return to the browser tab where you started the experiment and paste this CODE into the box provided to continue and receive full credit&lt;br&gt;&lt;\/p&gt;&lt;p&gt;&lt;b&gt;Completion Code: &lt;span id=&quot;copyText&quot;&gt;%D-$randomid$&lt;\/span&gt;&lt;\/b&gt;&lt;\/p&gt;\r\n    &lt;button type=&quot;button&quot; id=&quot;copyButton&quot;&gt;Click to Copy&lt;\/button&gt;\r\n\r\n    &lt;script&gt;\r\n        \/\/ Function to copy text from the button\r\n        function copyToClipboard() {\r\n            var copyText = document.getElementById(&quot;copyText&quot;);\r\n            var textArea = document.createElement(&quot;textarea&quot;);\r\n\r\n            textArea.value = copyText.textContent;\r\n            document.body.appendChild(textArea);\r\n            textArea.value = textArea.value.replace(&quot;document.write(randomid)&quot;, &quot;&quot;)\r\ntextArea.select();\r\n            document.execCommand(&quot;copy&quot;);\r\n            document.body.removeChild(textArea);\r\n\r\n            alert(&quot;Code has been copied to the clipboard: &quot; + textArea.value);\r\n        }\r\n\r\n        \/\/ Add a click event listener to the button\r\n        document.getElementById(&quot;copyButton&quot;).addEventListener(&quot;click&quot;, copyToClipboard);\r\n    &lt;\/script&gt;\r\n&lt;p&gt;&lt;br&gt;&lt;\/p&gt;&lt;p&gt;Once you have entered the code, you may safely close this tab.&lt;\/p&gt;&lt;p&gt;\r\n&lt;\/p&gt;&lt;p&gt;\r\n&lt;\/p&gt;&lt;p&gt;\r\n&lt;\/p&gt;&lt;p&gt;\r\n&lt;\/p&gt;&lt;p&gt;\r\n&lt;\/p&gt;&lt;p&gt;&lt;\/p&gt;","message3":"&lt;b&gt;You are currently not logged in. You cannot participate in the HIT.&lt;\/b&gt;&lt;br&gt;&lt;br&gt;\r\n&lt;p&gt;Please copy the following code. Return to the browser tab where you started the experiment and paste this CODE into the box provided to continue and receive full credit&lt;br&gt;&lt;\/p&gt;&lt;p&gt;&lt;b&gt;Completion Code: &lt;span id=&quot;copyText&quot;&gt;&amp;amp;D-$randomid$&lt;\/span&gt;&lt;\/b&gt;&lt;\/p&gt;\r\n    &lt;button type=&quot;button&quot; id=&quot;copyButton&quot;&gt;Click to Copy&lt;\/button&gt;\r\n\r\n    &lt;script&gt;\r\n        \/\/ Function to copy text from the button\r\n        function copyToClipboard() {\r\n            var copyText = document.getElementById(&quot;copyText&quot;);\r\n            var textArea = document.createElement(&quot;textarea&quot;);\r\n\r\n            textArea.value = copyText.textContent;\r\n            document.body.appendChild(textArea);\r\n            textArea.value = textArea.value.replace(&quot;document.write(randomid)&quot;, &quot;&quot;)\r\ntextArea.select();\r\n            document.execCommand(&quot;copy&quot;);\r\n            document.body.removeChild(textArea);\r\n\r\n            alert(&quot;Code has been copied to the clipboard: &quot; + textArea.value);\r\n        }\r\n\r\n        \/\/ Add a click event listener to the button\r\n        document.getElementById(&quot;copyButton&quot;).addEventListener(&quot;click&quot;, copyToClipboard);\r\n    &lt;\/script&gt;\r\n&lt;p&gt;&lt;br&gt;&lt;\/p&gt;&lt;p&gt;Once you have entered the code, you may safely close this tab.&lt;\/p&gt;&lt;p&gt;\r\n&lt;\/p&gt;&lt;p&gt;\r\n&lt;\/p&gt;&lt;p&gt;\r\n&lt;\/p&gt;&lt;p&gt;\r\n&lt;\/p&gt;&lt;p&gt;\r\n&lt;\/p&gt;&lt;p&gt;&lt;\/p&gt;","message4":"&lt;b&gt;Unfortunately, this HIT was terminated for a technical reason! &lt;br&gt;&lt;br&gt;&lt;br&gt;\r\n                You cannot continue. &lt;br&gt;&lt;br&gt;&lt;br&gt;&lt;\/b&gt;\r\n&lt;p&gt;Please copy the following code. Return to the browser tab where you started the experiment and paste this CODE into the box provided to continue and receive full credit&lt;br&gt;&lt;\/p&gt;&lt;p&gt;&lt;b&gt;Completion Code: &lt;span id=&quot;copyText&quot;&gt;*D-$randomid$&lt;\/span&gt;&lt;\/b&gt;&lt;\/p&gt;\r\n    &lt;button type=&quot;button&quot; id=&quot;copyButton&quot;&gt;Click to Copy&lt;\/button&gt;\r\n\r\n    &lt;script&gt;\r\n        \/\/ Function to copy text from the button\r\n        function copyToClipboard() {\r\n            var copyText = document.getElementById(&quot;copyText&quot;);\r\n            var textArea = document.createElement(&quot;textarea&quot;);\r\n\r\n            textArea.value = copyText.textContent;\r\n            document.body.appendChild(textArea);\r\n            textArea.value = textArea.value.replace(&quot;document.write(randomid)&quot;, &quot;&quot;)\r\ntextArea.select();\r\n            document.execCommand(&quot;copy&quot;);\r\n            document.body.removeChild(textArea);\r\n\r\n            alert(&quot;Code has been copied to the clipboard: &quot; + textArea.value);\r\n        }\r\n\r\n        \/\/ Add a click event listener to the button\r\n        document.getElementById(&quot;copyButton&quot;).addEventListener(&quot;click&quot;, copyToClipboard);\r\n    &lt;\/script&gt;\r\n&lt;p&gt;&lt;br&gt;&lt;\/p&gt;&lt;p&gt;Once you have entered the code, you may safely close this tab.&lt;\/p&gt;&lt;p&gt;\r\n&lt;\/p&gt;&lt;p&gt;\r\n&lt;\/p&gt;&lt;p&gt;\r\n&lt;\/p&gt;&lt;p&gt;\r\n&lt;\/p&gt;&lt;p&gt;\r\n&lt;\/p&gt;&lt;p&gt;&lt;\/p&gt;\r\n                You will receive your guaranteed participation fee of $ $participationFee$.\r\n                To collect your earnings, please fill out this random code on MTurk.\r\n                &lt;br&gt;&lt;br&gt;&lt;b&gt;$randomid$&lt;\/b&gt;.\r\n                &lt;br&gt;\r\n                Once you have filled out this code, you can close this window.\r\n                Thank you for your participation.","message5":"&lt;b&gt; You did not make a decision before the time was up. &lt;br&gt;&lt;br&gt; You have been removed from the HIT.&lt;\/b&gt; &lt;br&gt;&lt;br&gt;\r\n&lt;p&gt;Please copy the following code. Return to the browser tab where you started the experiment and paste this CODE into the box provided to continue and receive full credit&lt;br&gt;&lt;\/p&gt;&lt;p&gt;&lt;b&gt;Completion Code: &lt;span id=&quot;copyText&quot;&gt;+D-$randomid$&lt;\/span&gt;&lt;\/b&gt;&lt;\/p&gt;\r\n    &lt;button type=&quot;button&quot; id=&quot;copyButton&quot;&gt;Click to Copy&lt;\/button&gt;\r\n\r\n    &lt;script&gt;\r\n        \/\/ Function to copy text from the button\r\n        function copyToClipboard() {\r\n            var copyText = document.getElementById(&quot;copyText&quot;);\r\n            var textArea = document.createElement(&quot;textarea&quot;);\r\n\r\n            textArea.value = copyText.textContent;\r\n            document.body.appendChild(textArea);\r\n            textArea.value = textArea.value.replace(&quot;document.write(randomid)&quot;, &quot;&quot;)\r\ntextArea.select();\r\n            document.execCommand(&quot;copy&quot;);\r\n            document.body.removeChild(textArea);\r\n\r\n            alert(&quot;Code has been copied to the clipboard: &quot; + textArea.value);\r\n        }\r\n\r\n        \/\/ Add a click event listener to the button\r\n        document.getElementById(&quot;copyButton&quot;).addEventListener(&quot;click&quot;, copyToClipboard);\r\n    &lt;\/script&gt;\r\n&lt;p&gt;&lt;br&gt;&lt;\/p&gt;&lt;p&gt;Once you have entered the code, you may safely close this tab.&lt;\/p&gt;&lt;p&gt;\r\n&lt;\/p&gt;&lt;p&gt;\r\n&lt;\/p&gt;&lt;p&gt;\r\n&lt;\/p&gt;&lt;p&gt;\r\n&lt;\/p&gt;&lt;p&gt;\r\n&lt;\/p&gt;&lt;p&gt;&lt;\/p&gt;","message6":"&lt;p&gt;Please copy the following code. Return to the browser tab where you started the experiment and paste this CODE into the box provided to continue and receive full credit&lt;br&gt;&lt;\/p&gt;&lt;p&gt;&lt;b&gt;Completion Code: &lt;span id=&quot;copyText&quot;&gt;!D-$randomid$&lt;\/span&gt;&lt;\/b&gt;&lt;\/p&gt;\r\n    &lt;button type=&quot;button&quot; id=&quot;copyButton&quot;&gt;Click to Copy&lt;\/button&gt;\r\n\r\n    &lt;script&gt;\r\n        \/\/ Function to copy text from the button\r\n        function copyToClipboard() {\r\n            var copyText = document.getElementById(&quot;copyText&quot;);\r\n            var textArea = document.createElement(&quot;textarea&quot;);\r\n\r\n            textArea.value = copyText.textContent;\r\n            document.body.appendChild(textArea);\r\n            textArea.value = textArea.value.replace(&quot;document.write(randomid)&quot;, &quot;&quot;)\r\ntextArea.select();\r\n            document.execCommand(&quot;copy&quot;);\r\n            document.body.removeChild(textArea);\r\n\r\n            alert(&quot;Code has been copied to the clipboard: &quot; + textArea.value);\r\n        }\r\n\r\n        \/\/ Add a click event listener to the button\r\n        document.getElementById(&quot;copyButton&quot;).addEventListener(&quot;click&quot;, copyToClipboard);\r\n    &lt;\/script&gt;\r\n&lt;p&gt;&lt;br&gt;&lt;\/p&gt;&lt;p&gt;Once you have entered the code, you may safely close this tab.&lt;\/p&gt;&lt;p&gt;\r\n&lt;\/p&gt;&lt;p&gt;\r\n&lt;\/p&gt;&lt;p&gt;\r\n&lt;\/p&gt;&lt;p&gt;\r\n&lt;\/p&gt;&lt;p&gt;\r\n&lt;\/p&gt;&lt;p&gt;&lt;\/p&gt;","message7":"&lt;b&gt;As indicated in our HIT text on MTurk, our HIT does &lt;b&gt;not&lt;\/b&gt; support Microsoft Internet Explorer. &lt;br&gt;\r\n                         Please return this HIT. &lt;\/b&gt;&lt;br&gt;&lt;br&gt;\r\n&lt;p&gt;Please copy the following code. Return to the browser tab where you started the experiment and paste this CODE into the box provided to continue and receive full credit&lt;br&gt;&lt;\/p&gt;&lt;p&gt;&lt;b&gt;Completion Code: &lt;span id=&quot;copyText&quot;&gt;~D-$randomid$&lt;\/span&gt;&lt;\/b&gt;&lt;\/p&gt;\r\n    &lt;button type=&quot;button&quot; id=&quot;copyButton&quot;&gt;Click to Copy&lt;\/button&gt;\r\n\r\n    &lt;script&gt;\r\n        \/\/ Function to copy text from the button\r\n        function copyToClipboard() {\r\n            var copyText = document.getElementById(&quot;copyText&quot;);\r\n            var textArea = document.createElement(&quot;textarea&quot;);\r\n\r\n            textArea.value = copyText.textContent;\r\n            document.body.appendChild(textArea);\r\n            textArea.value = textArea.value.replace(&quot;document.write(randomid)&quot;, &quot;&quot;)\r\ntextArea.select();\r\n            document.execCommand(&quot;copy&quot;);\r\n            document.body.removeChild(textArea);\r\n\r\n            alert(&quot;Code has been copied to the clipboard: &quot; + textArea.value);\r\n        }\r\n\r\n        \/\/ Add a click event listener to the button\r\n        document.getElementById(&quot;copyButton&quot;).addEventListener(&quot;click&quot;, copyToClipboard);\r\n    &lt;\/script&gt;\r\n&lt;p&gt;&lt;br&gt;&lt;\/p&gt;&lt;p&gt;Once you have entered the code, you may safely close this tab.&lt;\/p&gt;&lt;p&gt;\r\n&lt;\/p&gt;&lt;p&gt;\r\n&lt;\/p&gt;&lt;p&gt;\r\n&lt;\/p&gt;&lt;p&gt;\r\n&lt;\/p&gt;&lt;p&gt;\r\n&lt;\/p&gt;&lt;p&gt;&lt;\/p&gt;\r\n                         &lt;br&gt;\r\n                         We apologise for any inconvenience caused.","message8":"&lt;b&gt;You did not answer the quiz correctly and were excluded from further participation&lt;\/b&gt;&lt;br&gt;&lt;br&gt;\r\n&lt;p&gt;Please copy the following code. Return to the browser tab where you started the experiment and paste this CODE into the box provided to continue and receive full credit&lt;br&gt;&lt;\/p&gt;&lt;p&gt;&lt;b&gt;Completion Code: &lt;span id=&quot;copyText&quot;&gt;?D-$randomid$&lt;\/span&gt;&lt;\/b&gt;&lt;\/p&gt;\r\n    &lt;button type=&quot;button&quot; id=&quot;copyButton&quot;&gt;Click to Copy&lt;\/button&gt;\r\n\r\n    &lt;script&gt;\r\n        \/\/ Function to copy text from the button\r\n        function copyToClipboard() {\r\n            var copyText = document.getElementById(&quot;copyText&quot;);\r\n            var textArea = document.createElement(&quot;textarea&quot;);\r\n\r\n            textArea.value = copyText.textContent;\r\n            document.body.appendChild(textArea);\r\n            textArea.value = textArea.value.replace(&quot;document.write(randomid)&quot;, &quot;&quot;)\r\ntextArea.select();\r\n            document.execCommand(&quot;copy&quot;);\r\n            document.body.removeChild(textArea);\r\n\r\n            alert(&quot;Code has been copied to the clipboard: &quot; + textArea.value);\r\n        }\r\n\r\n        \/\/ Add a click event listener to the button\r\n        document.getElementById(&quot;copyButton&quot;).addEventListener(&quot;click&quot;, copyToClipboard);\r\n    &lt;\/script&gt;\r\n&lt;p&gt;&lt;br&gt;&lt;\/p&gt;&lt;p&gt;Once you have entered the code, you may safely close this tab.&lt;\/p&gt;&lt;p&gt;\r\n&lt;\/p&gt;&lt;p&gt;\r\n&lt;\/p&gt;&lt;p&gt;\r\n&lt;\/p&gt;&lt;p&gt;\r\n&lt;\/p&gt;&lt;p&gt;\r\n&lt;\/p&gt;&lt;p&gt;&lt;\/p&gt;"}